Coffee Price,Rain,Weekend,No. of Customers
4.61,0,1,115
2.84,0,1,151
2.6,0,0,124
4.35,1,0,119
3.98,1,0,117
3.89,1,0,114
3.21,1,0,133
5.3,1,0,94
4.91,0,1,115
4.57,1,0,109
4.83,0,0,86
5.32,0,1,82
3.42,1,0,123
3.38,0,0,113
4.26,0,0,88
5.55,0,1,99
5.28,0,0,80
3.82,0,0,90
5.51,1,0,85
5.52,1,0,83
3.37,0,1,137
4.43,1,0,101
5.79,0,1,96
2.86,0,1,148
4.47,1,1,137
3.33,0,0,106
4.75,1,1,144
4.0,1,0,121
4.18,0,1,127
3.16,1,0,124
4.28,0,1,118
3.7,1,0,122
2.69,0,0,120
5.73,0,0,54
4.68,0,1,104
5.68,0,1,94
3.82,1,1,161
3.32,0,1,134
2.57,0,0,135
2.69,0,0,122
5.34,0,0,72
4.28,1,0,119
5.09,1,0,105
3.67,1,1,164
5.35,0,0,84
5.14,0,0,82
3.13,1,0,127
3.32,0,1,141
5.17,0,0,72
2.55,0,0,117
